original_index,sample_id
62,TCGA-06-A5U0-01A
386,TCGA-06-A6S1-01A
163,TCGA-06-A7TK-01A
310,TCGA-06-A7TL-01A
69,TCGA-2G-AAFM-01A
48,TCGA-2G-AAFO-01A
56,TCGA-2G-AAGS-01A
104,TCGA-2G-AAH8-01A
205,TCGA-2G-AAKG-05A
94,TCGA-2K-A9WE-01A
303,TCGA-33-A4WN-01A
191,TCGA-37-A5EM-01A
330,TCGA-3C-AALJ-01A
188,TCGA-3L-AA1B-01A
383,TCGA-3U-A98E-01A
10,TCGA-3U-A98I-01A
111,TCGA-3X-AAVA-01A
194,TCGA-3Z-A93Z-01A
76,TCGA-44-3918-01A
312,TCGA-44-6146-01A
161,TCGA-44-A47F-01A
385,TCGA-49-AARO-01A
162,TCGA-4A-A93X-01A
159,TCGA-4A-A93Y-01A
16,TCGA-4B-A93V-01A
389,TCGA-4C-A93U-01A
378,TCGA-4H-AAAK-01A
343,TCGA-4K-AA1I-01A
282,TCGA-4N-A93T-01A
269,TCGA-4W-AA9S-01A
345,TCGA-63-A5MR-01A
374,TCGA-6D-AA2E-01A
140,TCGA-73-A9RS-01A
141,TCGA-76-6656-01A
283,TCGA-77-A5G6-01A
299,TCGA-81-5910-01A
22,TCGA-85-A4CL-01A
284,TCGA-85-A4CN-01A
139,TCGA-85-A4JB-01A
373,TCGA-85-A4QR-01A
277,TCGA-85-A50M-01A
377,TCGA-85-A512-01A
287,TCGA-86-A4D0-01A
281,TCGA-86-A4P7-01A
286,TCGA-86-A4P8-01A
123,TCGA-91-A4BC-01A
372,TCGA-91-A4BD-01A
347,TCGA-93-A4JN-01A
353,TCGA-93-A4JO-01A
124,TCGA-93-A4JQ-01A
268,TCGA-98-A53A-01A
23,TCGA-98-A53J-01A
355,TCGA-A2-A0CX-01A
376,TCGA-A2-A0ES-01A
375,TCGA-A2-A0ET-01A
131,TCGA-A2-A0EV-01A
243,TCGA-A2-A0EW-01A
270,TCGA-A2-A0EX-01A
9,TCGA-A2-A0EY-01A
138,TCGA-A2-A0SV-01A
344,TCGA-A2-A0SW-01A
346,TCGA-A2-A0SX-01A
58,TCGA-A2-A0T4-01A
83,TCGA-A2-A0T5-01A
168,TCGA-A2-A0T6-01A
202,TCGA-A2-A0T7-01A
52,TCGA-A2-A0YC-01A
65,TCGA-A2-A0YD-01A
109,TCGA-A2-A0YF-01A
197,TCGA-A2-A0YG-01A
66,TCGA-A2-A0YH-01A
60,TCGA-A2-A0YJ-01A
198,TCGA-A2-A0YK-01A
80,TCGA-A2-A0YL-01A
57,TCGA-A2-A0YT-01A
81,TCGA-A2-A4RX-01A
196,TCGA-A6-A565-01A
116,TCGA-A6-A566-01A
26,TCGA-A6-A567-01A
106,TCGA-A6-A56B-01A
85,TCGA-A7-A0CH-01A
63,TCGA-A7-A0D9-01A
59,TCGA-A7-A13E-01A
201,TCGA-A7-A13F-01A
204,TCGA-A8-A06N-01A
67,TCGA-A8-A08J-01A
203,TCGA-A8-A094-01A
164,TCGA-AA-A00E-01A
199,TCGA-AA-A00J-01A
195,TCGA-AA-A00L-01A
70,TCGA-AA-A00Q-01A
107,TCGA-AA-A00W-01A
68,TCGA-AA-A010-01A
158,TCGA-AA-A01D-01A
114,TCGA-AA-A01P-01A
160,TCGA-AA-A01R-01A
12,TCGA-AA-A01S-01A
157,TCGA-AA-A01X-01A
84,TCGA-AA-A022-01A
103,TCGA-AA-A024-01A
86,TCGA-AA-A02E-01A
108,TCGA-AA-A02F-01A
166,TCGA-AD-6889-01A
224,TCGA-AO-A03L-01A
53,TCGA-AO-A03N-01B
358,TCGA-AO-A0J5-01A
120,TCGA-AO-A0J8-01A
96,TCGA-AO-A0JB-01A
327,TCGA-AO-A0JG-01A
239,TCGA-AO-A0JM-01A
326,TCGA-AO-A124-01A
331,TCGA-AO-A12D-01A
102,TCGA-AO-A12F-01A
97,TCGA-AP-A051-01A
369,TCGA-AQ-A04L-01A
356,TCGA-AR-A0TP-01A
100,TCGA-AR-A0TV-01A
101,TCGA-AR-A0U0-01A
121,TCGA-AR-A0U4-01A
92,TCGA-AY-A54L-01A
357,TCGA-AY-A69D-01A
332,TCGA-AY-A71X-01A
91,TCGA-AY-A8YK-01A
99,TCGA-B1-A47N-01A
79,TCGA-B1-A654-01A
119,TCGA-B2-A4SR-01A
93,TCGA-B5-A0JN-01A
122,TCGA-B5-A0JT-01A
90,TCGA-B5-A0K9-01A
78,TCGA-B5-A0KB-01A
87,TCGA-B5-A11Y-01A
288,TCGA-B8-A54E-01A
13,TCGA-B8-A54F-01A
88,TCGA-B8-A54G-01A
89,TCGA-B8-A54H-01A
77,TCGA-B8-A54J-01A
95,TCGA-B8-A54K-01A
328,TCGA-B8-A8YJ-01A
28,TCGA-B9-A44B-01A
329,TCGA-B9-A5W8-01A
98,TCGA-B9-A5W9-01A
349,TCGA-B9-A8YI-01A
387,TCGA-BA-A4IH-01A
240,TCGA-BA-A8YP-01A
350,TCGA-BC-A10S-01A
351,TCGA-BC-A10T-01A
348,TCGA-BC-A10U-01A
266,TCGA-BC-A10W-01A
242,TCGA-BC-A10X-01A
273,TCGA-BC-A3KF-01A
241,TCGA-BC-A5W4-01A
364,TCGA-BC-A8YO-01A
3,TCGA-BG-A0M8-01A
0,TCGA-BG-A0MH-01A
244,TCGA-BG-A0MK-01A
230,TCGA-BG-A0MS-01A
2,TCGA-BG-A0RY-01A
342,TCGA-BH-A0B1-01A
272,TCGA-BH-A0B5-01A
33,TCGA-BH-A0BA-01A
35,TCGA-BH-A0BZ-01A
29,TCGA-BH-A0C1-01A
1,TCGA-BH-A0DL-01A
379,TCGA-BH-A0DP-01A
397,TCGA-BH-A0DV-01A
400,TCGA-BH-A0E0-01A
396,TCGA-BH-A0EE-01A
401,TCGA-BH-A0HP-01A
398,TCGA-BH-A1EV-01A
399,TCGA-BJ-A0Z0-01A
395,TCGA-BJ-A0Z2-01A
262,TCGA-BJ-A0Z3-01A
252,TCGA-BJ-A0Z5-01A
254,TCGA-BJ-A0ZA-01A
259,TCGA-BJ-A0ZC-01A
263,TCGA-BJ-A192-01A
255,TCGA-BJ-A290-01A
380,TCGA-BJ-A3PU-01A
253,TCGA-BK-A0C9-01A
261,TCGA-BK-A13B-01A
258,TCGA-BL-A13J-01A
394,TCGA-BL-A3JM-01A
257,TCGA-BR-A452-01A
256,TCGA-BR-A4CR-01A
265,TCGA-BR-A4CS-01A
264,TCGA-BR-A4IY-01A
296,TCGA-BR-A4J1-01A
145,TCGA-BR-A4J2-01A
274,TCGA-BR-A4J4-01A
231,TCGA-BR-A4J5-01A
149,TCGA-BR-A4J6-01A
233,TCGA-BR-A4J7-01A
146,TCGA-BR-A4J9-01A
151,TCGA-BR-A4QL-01A
207,TCGA-C8-A12K-01A
147,TCGA-C8-A12M-01A
206,TCGA-C8-A12O-01A
150,TCGA-C8-A12Q-01A
144,TCGA-C8-A12T-01A
232,TCGA-C8-A12U-01A
234,TCGA-C8-A12V-01A
305,TCGA-C8-A12Y-01A
148,TCGA-C8-A130-01A
304,TCGA-C8-A133-01A
24,TCGA-C8-A137-01A
323,TCGA-C8-A8HR-01A
20,TCGA-CC-A123-01A
42,TCGA-CC-A7IF-01A
320,TCGA-CD-A486-01A
300,TCGA-CD-A48C-01A
46,TCGA-CE-A13K-01A
47,TCGA-CF-A1HR-01A
21,TCGA-CF-A3MI-01A
43,TCGA-CJ-5671-01A
333,TCGA-CJ-5677-01A
45,TCGA-CJ-5679-01A
321,TCGA-CN-A49B-01A
18,TCGA-CU-A3YL-01A
44,TCGA-CV-A468-01A
324,TCGA-D3-A8GM-06A
32,TCGA-D3-A8GP-06A
49,TCGA-D6-A6EP-01A
322,TCGA-D7-A4YX-01A
314,TCGA-D7-A6EZ-01A
11,TCGA-D8-A13Z-01A
318,TCGA-D9-A1JW-06A
313,TCGA-D9-A6EA-06A
292,TCGA-D9-A6EC-06A
316,TCGA-DA-A95W-06A
41,TCGA-DA-A95Y-06A
280,TCGA-DB-A75K-01A
37,TCGA-DD-AAC8-01A
293,TCGA-DD-AACB-01A
36,TCGA-DD-AACI-01A
143,TCGA-DD-AACL-01A
50,TCGA-DJ-A13M-01A
34,TCGA-DJ-A13V-01A
245,TCGA-DJ-A13X-01A
311,TCGA-DK-A1AD-01A
289,TCGA-DM-A28G-01A
246,TCGA-DU-5870-02A
51,TCGA-DU-6395-02A
309,TCGA-DU-6407-02B
39,TCGA-DV-A4VX-01A
334,TCGA-E1-A7YI-01A
30,TCGA-EA-A3HS-01A
308,TCGA-EA-A3HT-01A
40,TCGA-EB-A24C-01A
54,TCGA-EB-A3XF-01A
298,TCGA-EB-A3Y6-01A
294,TCGA-EB-A5KH-06A
367,TCGA-EB-A5SH-06A
112,TCGA-EJ-7218-01B
110,TCGA-EJ-7318-01B
75,TCGA-EJ-A46B-01A
71,TCGA-EJ-A46D-01A
117,TCGA-EJ-A46E-01A
115,TCGA-EJ-A46F-01A
82,TCGA-EJ-A46G-01A
200,TCGA-EJ-A46H-01A
72,TCGA-EJ-A65B-01A
167,TCGA-EJ-A65F-01A
61,TCGA-EJ-A7NG-01A
165,TCGA-EJ-A7NM-01A
118,TCGA-EJ-A8FN-01A
73,TCGA-EJ-A8FP-01A
237,TCGA-F6-A8O3-01A
236,TCGA-F7-A624-01A
169,TCGA-F9-A7Q0-01A
171,TCGA-F9-A7VF-01A
173,TCGA-F9-A8NY-01A
235,TCGA-FD-A3SR-01A
172,TCGA-FG-A4MU-01B
170,TCGA-FG-A4MY-01A
210,TCGA-G3-AAV0-01A
176,TCGA-GD-A3OQ-01A
177,TCGA-GK-A6C7-01A
174,TCGA-GL-A9DC-01A
175,TCGA-GV-A3JW-01A
25,TCGA-H4-A2HO-01C
209,TCGA-H7-A76A-01A
381,TCGA-HE-A5NH-01A
302,TCGA-HE-A5NI-01A
317,TCGA-HE-A5NJ-01A
285,TCGA-HE-A5NK-01A
192,TCGA-HF-A5NB-01A
189,TCGA-IA-A40U-01A
184,TCGA-IA-A40X-01A
185,TCGA-IC-A6RE-01A
19,TCGA-IG-A3YA-01A
208,TCGA-IG-A4P3-01A
384,TCGA-IG-A4QS-01A
291,TCGA-IG-A51D-01A
182,TCGA-IG-A625-01A
187,TCGA-IG-A7DP-01A
190,TCGA-J1-A4AH-01A
402,TCGA-KC-A4BV-01A
223,TCGA-KU-A66S-01A
403,TCGA-KU-A6H7-06A
301,TCGA-KV-A74V-01A
382,TCGA-L4-A4E6-01A
186,TCGA-L5-A4OE-01A
222,TCGA-L7-A6VZ-01A
260,TCGA-L9-A8F4-01A
129,TCGA-LG-A9QC-01A
152,TCGA-LG-A9QD-01A
154,TCGA-LK-A4NW-01A
113,TCGA-LK-A4NY-01A
179,TCGA-LK-A4O6-01A
156,TCGA-LN-A49O-01A
130,TCGA-LN-A49W-01A
178,TCGA-LN-A4A2-01A
155,TCGA-LN-A4A5-01A
128,TCGA-LN-A4MR-01A
126,TCGA-LN-A7HX-01A
153,TCGA-LN-A8HZ-01A
183,TCGA-LN-A9FQ-01A
127,TCGA-M9-A5M8-01A
297,TCGA-MF-A522-01A
307,TCGA-MM-A564-01A
368,TCGA-MP-A4SV-01A
306,TCGA-MP-A4T4-01A
15,TCGA-MP-A4T7-01A
14,TCGA-MP-A4TE-01A
325,TCGA-MP-A4TF-01A
267,TCGA-MQ-A4KX-01A
216,TCGA-NH-A50U-01A
38,TCGA-NH-A50V-01B
315,TCGA-NH-A5IV-01A
218,TCGA-NH-A6GA-01A
7,TCGA-NH-A6GC-01A
5,TCGA-NH-A8F7-01A
391,TCGA-NH-A8F8-01A
27,TCGA-NJ-A4YG-01A
392,TCGA-O2-A52N-01A
4,TCGA-OR-A5J2-01A
8,TCGA-OR-A5J3-01A
6,TCGA-OR-A5J6-01A
142,TCGA-OR-A5J9-01A
295,TCGA-OR-A5JZ-01A
390,TCGA-OR-A5K8-01A
319,TCGA-OR-A5KX-01A
125,TCGA-OX-A56R-01A
135,TCGA-P4-A5E6-01A
17,TCGA-P4-A5EA-01A
134,TCGA-P4-A5EB-01A
214,TCGA-P4-A5ED-01B
137,TCGA-P4-AAVL-01A
276,TCGA-P5-A72W-01A
132,TCGA-P5-A72X-01A
215,TCGA-P5-A735-01A
213,TCGA-P5-A77X-01A
136,TCGA-PA-A5YG-01A
133,TCGA-PJ-A8JU-01A
31,TCGA-PK-A5H8-01A
221,TCGA-Q2-A5QZ-01A
336,TCGA-QG-A5YV-01A
340,TCGA-QG-A5YX-01A
354,TCGA-QL-A97D-01A
338,TCGA-QT-A5XJ-01A
341,TCGA-QT-A5XM-01A
352,TCGA-QT-A5XN-01A
339,TCGA-QT-A69Q-01A
335,TCGA-RM-A68W-01A
337,TCGA-RR-A6KB-01A
278,TCGA-RT-A6YA-01A
217,TCGA-RW-A8AZ-01A
212,TCGA-S3-AA0Z-01A
271,TCGA-SH-A9CU-01A
238,TCGA-SS-A7HO-01A
279,TCGA-SU-A7E7-01A
180,TCGA-TT-A6YP-01A
211,TCGA-UZ-A9PJ-01A
275,TCGA-UZ-A9PK-01A
370,TCGA-UZ-A9PL-01A
193,TCGA-UZ-A9PM-01A
249,TCGA-UZ-A9PP-01A
248,TCGA-UZ-A9PQ-01A
64,TCGA-UZ-A9PV-01A
55,TCGA-VN-A88K-01A
290,TCGA-VP-A875-01A
74,TCGA-VQ-A8PJ-01A
105,TCGA-VQ-A91E-01A
365,TCGA-VQ-A91W-01A
388,TCGA-VQ-A94O-01A
360,TCGA-W6-AA0T-01A
371,TCGA-W7-A93N-01A
362,TCGA-W9-A837-01A
361,TCGA-WB-A818-01A
366,TCGA-XC-AA0X-01A
363,TCGA-XE-AANI-01A
359,TCGA-XE-AAOD-01A
247,TCGA-XE-AAOF-01A
229,TCGA-XV-AAZY-01A
219,TCGA-YL-A8HJ-01A
227,TCGA-YL-A8SB-01A
226,TCGA-YL-A8SL-01B
393,TCGA-YL-A8SP-01B
225,TCGA-YL-A9WK-01A
251,TCGA-ZG-A9L0-01A
228,TCGA-ZG-A9L1-01A
250,TCGA-ZG-A9L2-01A
181,TCGA-ZH-A8Y5-01A
220,TCGA-ZH-A8Y7-01A
